id,code,number,text,date,datetime,select
32,551ee37c84ea5,37,nbYMA,2015-02-04,"2015-04-08 13:30:09",G
36,551ee37c8510f,8,cdCTGBi,2015-07-23,"2015-09-27 01:48:18",D
28,551ee37c84c58,24,dNHaXDE,2015-04-08,"2015-08-26 09:59:22",G
39,551ee37c852d8,59,BuGArPEy,2015-05-31,"2015-06-30 06:49:17",D
44,551ee37c8561e,53,frTvdq,2015-04-18,"2015-09-09 12:11:42",A
35,551ee37c85070,56,uUZNOFYcg,2015-10-15,"2015-05-29 21:07:27",E
24,551ee37c849fd,48,SkNXsr,2015-04-10,"2015-12-16 23:46:07",B
13,551ee37c843a5,52,RjyWFI,2015-07-13,"2015-02-24 00:04:48",F
29,551ee37c84ceb,70,ASCZDcyM,2015-11-29,"2015-02-25 20:33:24",J
43,551ee37c85588,21,BkFJuYa,2015-08-11,"2015-06-16 22:56:05",D
33,551ee37c84f37,79,fRBaRiE,2015-10-26,"2015-12-27 02:41:22",A
18,551ee37c84682,55,EEkdls,2015-05-10,"2015-10-02 03:20:00",K
40,551ee37c853c3,40,bOcvTr,2015-02-27,"2015-09-19 15:15:28",K
15,551ee37c844c9,42,MzAGox,2015-01-30,"2015-05-23 02:27:34",I
49,551ee37c8593b,47,DAAmUlPS,2015-07-27,"2015-05-08 04:19:06",D
19,551ee37c84712,61,vGwzUC,2015-01-26,"2015-04-03 17:33:08",G
9,551ee37c84144,37,QLQVwjXx,2015-04-25,"2015-09-27 16:19:24",C
5,551ee37c83ee5,73,RmRSHZpNY,2015-05-08,"2015-08-14 04:29:02",B
12,551ee37c84307,13,KyXaTQsoM,2015-01-14,"2015-11-22 08:36:41",K
45,551ee37c856b4,70,dQIFOCZ,2015-07-03,"2015-12-22 04:26:10",B
21,551ee37c8483c,6,KJnaz,2015-04-19,"2015-03-30 08:56:38",H
27,551ee37c84bcd,78,bFTvVw,2015-08-10,"2015-02-16 07:47:58",G
7,551ee37c8401b,94,sIWmod,2015-06-15,"2015-02-27 11:14:42",H
0,551ee37c82d58,17,LjbHbzHn,2015-11-07,"2015-12-07 11:25:15",K
23,551ee37c84969,74,IxKDFWd,2015-07-18,"2015-10-12 07:05:40",G
3,551ee37c83db4,8,BdBwnL,2015-09-02,"2015-08-20 11:39:08",H
8,551ee37c840a9,78,yeiKrjHX,2015-01-20,"2015-01-16 08:51:27",I
1,551ee37c83c8b,37,NQFtjIJH,2015-03-18,"2015-12-05 15:02:04",F
31,551ee37c84e16,94,gCFLKg,2015-11-25,"2015-10-29 20:36:19",C
46,551ee37c8574a,97,MzkER,2015-01-06,"2015-12-06 19:04:49",C
20,551ee37c847a8,87,ASNnjcG,2015-05-08,"2015-05-22 00:20:58",E
17,551ee37c845fc,90,OLJwR,2015-12-08,"2015-03-23 11:00:42",E
25,551ee37c84a92,100,liOnOxi,2015-09-12,"2015-02-06 09:57:30",D
47,551ee37c857d3,38,SyQDMWmc,2015-10-06,"2015-08-28 18:16:54",A
41,551ee37c85458,84,kByaIo,2015-09-17,"2015-07-13 13:34:50",F
22,551ee37c848c9,82,dtaRqSgl,2015-03-06,"2015-11-23 06:46:32",K
16,551ee37c84559,48,UfEzagjg,2015-06-05,"2015-06-06 20:28:48",E
26,551ee37c84b37,91,TYThYkb,2015-01-17,"2015-03-25 03:50:54",F
11,551ee37c8426e,31,rlkiQC,2015-07-25,"2015-01-12 01:24:38",F
14,551ee37c84435,74,VxsVcI,2015-04-13,"2015-01-08 01:45:54",J
4,551ee37c83e47,79,tMfaGZQz,2015-06-19,"2015-09-04 15:14:52",H
38,551ee37c85240,53,bzNxLxw,2015-03-16,"2015-04-10 23:30:28",F
48,551ee37c8589e,34,VSxPlgSU,2015-10-10,"2015-01-17 20:08:10",B
34,551ee37c84fcf,42,XsWlbw,2015-07-09,"2015-05-04 00:58:35",A
2,551ee37c83d2a,36,hmiQt,2015-01-23,"2015-04-13 22:01:12",A
37,551ee37c851a9,72,cECss,2015-03-11,"2015-01-20 02:47:19",I
42,551ee37c854ea,69,SXnJvrMZ,2015-05-22,"2015-02-02 14:26:25",H
6,551ee37c83f80,22,ALFLVMpN,2015-08-08,"2015-01-19 21:35:49",G
10,551ee37c841e1,83,dQAiCe,2015-12-27,"2015-10-31 19:10:20",I
30,551ee37c84d86,34,kmfsMXk,2015-06-11,"2015-09-26 03:32:39",B
